Airports1,Passengers(Jan),Passengers(Feb),Passengers(Mar),Passengers(Apr),Passengers(May),Passengers(Jun),Passengers(Jul),Passengers(Aug),Passengers(Sep),Passengers(Oct),Passengers(Nov),Passengers(Dec),Total,Percent,Year
PUNE,236354,228174,235154,236990,266990,261325,262586,264284,242098,254980,296750,302590,3088275,0,2011
PUNE,295607,283349,261802,272850,284590,272437,258369,254685,231447,236121,274134,295475,3220866,4.293367657,2012
PUNE,285970,278913,280302,285369,320239,291729,291487,312548,272190,273260,292814,326941,3511762,9.031608269,2013
PUNE,284539,268432,275995,293163,347398,320998,305560,339492,336625,335229,341132,371889,3820452,8.790174277,2014
PUNE,365115,352528,358572,401146,427925,398740,422008,424137,415742,424958,433152,453101,4877124,27.65829802,2015
PUNE,456906,447998,470397,490436,544142,499713,536124,531417,513568,519945,560130,577508,6148284,26.06372116,2016
PUNE,596653,564861,577508,580176,647432,623947,629128,651608,625006,668284,680771,714714,7560088,22.96256972,2017
PUNE,706234,668425,696009,727429,762191,762335,743367,739376,709400,747483,723070,756288,8741607,15.62837628,2018
PUNE,759074,692477,696476,678370,552195,687661,707762,698106,672484,671104,697456,731770,8244935,-5.681701316,2019
